{"series": {"mopso": {"errors": {"tp": [0.28939636455784185, 0.3688409775749277, 0.2691403311382128, 0.0746846066754244, 0.13852650128002594], "res": [0.3867627628685539, 0.05506577095030161, 0.11976710429073671, 0.2750738716472408, 0.06650619810210208]}, "costs": {"tp": [0.22440723873957372, 0.4933057555821004, 0.28895151821888543, 0.29937756706720975, 0.17956298616599697], "res": [0.36509342794612715, 0.3133106881404599, 0.18642256427501058, 0.20333178914236033, 0.20658309475664005]}, "stds": {"tp": [0.11408696297598908, 0.04377817882261384, 0.04862712338560832, 0.05729895712672472, 0.0948139742181415], "res": [0.13418242812962816, 0.00586361969535049, 0.008046469455484422, 0.03552228484379621, 0.017671558829666336]}, "scs": {"tp": {"actual": [0.0, 0.0, 0.0, 0.1, 0.4], "expected": [0.0, 0.0, 0.0, 0.09791666666666667, 0.39166666666666666]}, "res": {"actual": [0.0, 0.0, 0.0, 0.3, 0.4], "expected": [0.0, 0.0, 0.0, 0.29375, 0.39166666666666666]}}}}, "indicators": {"mopso": {"tp": {"HV": [0.38003584863174494, 0.3300127808108123, 0.3331001432899944, 0.16657727306747067, 0.2453411308589645], "IGD": [0.0, 0.0, 0.0, 0.0, 0.0], "EPS": [0.0, 0.0, 0.0, 0.0, 0.0]}, "res": {"HV": [0.48062846729012176, 0.04794077343638964, 0.1218859451047931, 0.2805985555370612, 0.08631951646959951], "IGD": [0.0, 0.0, 0.0, 0.0, 0.0], "EPS": [0.0, 0.0, 0.0, 0.0, 0.0]}}}, "fronts": {"mopso": {"tp": {"0": [[0.42494508173904, 0.10568244000732767], [0.1665689500975025, 0.442306508068545], [0.17775074705129884, 0.34822210075534094], [0.17902224674432018, 0.31439861338224695], [0.24910042924255799, 0.14263908084455085], [0.42494508173904, 0.10568244000732767], [0.40344201529113394, 0.111919488111677]], "1": [[0.45672148323298434, 0.27743101008790294], [0.3974053774253449, 0.37607395950673084], [0.3326912311310125, 0.5955946067878586], [0.3756108342512571, 0.43219891892143697], [0.36383760891721095, 0.48000842327899385], [0.31968400527334745, 0.6995072826136963], [0.3359363027933363, 0.5923260878780829]], "2": [[0.24702980101477695, 0.25311938925533306], [0.32542728596719817, 0.10725955116057535], [0.2234170227244185, 0.46571737240246225], [0.36522386079120134, 0.0879562398568807], [0.2694711911258147, 0.18231204742664917], [0.2649538511030132, 0.21910720585878057], [0.21056983536450233, 0.7430209505350691], [0.24702980101477695, 0.25311938925533306]], "3": [[0.07511401829119466, 0.2612311057706457], [0.03150180091589216, 0.4119666217608421], [0.10935208612551717, 0.20861772282522786], [0.20698323483171274, 0.1952136935008001], [0.021947862794754643, 0.44128647813787536], [0.033239532673976856, 0.3372170787115521], [0.040357530359620905, 0.29692300409269423], [0.07898078741072606, 0.2425648317380408]], "4": [[0.19174743206393147, 0.1188809706781447], [0.07280875184637206, 0.19283435808594857], [0.2646277026579881, 0.07288190769637612], [0.024922118551812176, 0.33365470820351856]]}, "res": {"0": [[0.5375297760478291, 0.1850354743644058], [0.2260010620818413, 0.6674452054137203], [0.37272816120474533, 0.2981445490190014], [0.2928540097527311, 0.4042609412789731], [0.23257768987244454, 0.633245925673099], [0.5846510776121441, 0.17792254954335449], [0.46099756350814214, 0.1895993503303356]], "1": [[0.057329220346364076, 0.26719211193119824], [0.06497882502182448, 0.26220929017587286], [0.05321486318384747, 0.3527703934118166], [0.057329220346364076, 0.26719211193119824], [0.057329220346364076, 0.26719211193119824], [0.05321486318384747, 0.3527703934118166], [0.05448298777174974, 0.30035271768910293], [0.042646967402051435, 0.436806374641476]], "2": [[0.1307325028387286, 0.06766915297910714], [0.11165029566824387, 0.3403342387903369], [0.11691851436523763, 0.15126430105558772]], "3": [[0.2781107835837634, 0.17978564215372686], [0.34074291856284666, 0.17650950247023975], [0.2422332904501297, 0.24297494940881448], [0.24561185900668536, 0.21338480779799046], [0.2686705066327788, 0.20400404388102994]], "4": [[0.06375934842993608, 0.2673700811870687], [0.03698236771445963, 0.27850736522978736], [0.05951931241428632, 0.2690430934109403], [0.06875005862358974, 0.17600953642267142], [0.07370722177598524, 0.14475329821071298], [0.09631887965435548, 0.10381519407865958]]}}}, "meta": {"num_providers": 10, "num_consumers": 10, "transition_matrix": {"Low": {"Low": 0.3333333333333333, "Medium": 0.3333333333333333, "High": 0.3333333333333333}, "Medium": {"Low": 0.020833333333333332, "Medium": 0.8541666666666666, "High": 0.125}, "High": {"Low": 0.125, "Medium": 0.75, "High": 0.125}}}}