{"series": {"mopso": {"errors": {"tp": [0.2936378187347052, 0.34130458654495655, 0.2814841986829277, 0.16481076400525468, 0.20311590076801558], "res": [0.35205765772113246, 0.15303946257018097, 0.19186026257444203, 0.2850443229883445, 0.15990371886126126]}, "costs": {"tp": [0.22440723873957372, 0.4933057555821004, 0.28895151821888543, 0.29937756706720975, 0.17956298616599697], "res": [0.36509342794612715, 0.3133106881404599, 0.18642256427501058, 0.20333178914236033, 0.20658309475664005]}, "stds": {"tp": [0.06845217778559347, 0.0262669072935683, 0.029176274031365003, 0.034379374276034824, 0.0568883845308849], "res": [0.08050945687777693, 0.0035181718172102886, 0.004827881673290657, 0.02131337090627773, 0.010602935297799813]}, "scs": {"tp": {"actual": [0.0, 0.0, 0.0, 0.1, 0.4], "expected": [0.0, 0.0, 0.0, 0.09791666666666667, 0.39166666666666666]}, "res": {"actual": [0.0, 0.0, 0.0, 0.3, 0.4], "expected": [0.0, 0.0, 0.0, 0.29375, 0.39166666666666666]}}}}, "indicators": {"mopso": {"tp": {"HV": [0.33533961637816767, 0.28471594727593896, 0.3093053371911709, 0.1965207206203864, 0.25845884959181353], "IGD": [0.0, 0.0, 0.0, 0.0, 0.0], "EPS": [0.0, 0.0, 0.0, 0.0, 0.0]}, "res": {"HV": [0.38702637442887056, 0.11729934924072905, 0.185011268705383, 0.2671779930258079, 0.15933388659232062], "IGD": [0.0, 0.0, 0.0, 0.0, 0.0], "EPS": [0.0, 0.0, 0.0, 0.0, 0.0]}}}, "fronts": {"mopso": {"tp": {"0": [[0.37496704904342404, 0.10568244000732767], [0.2199413700585015, 0.442306508068545], [0.22665044823077926, 0.34822210075534094], [0.22741334804659213, 0.31439861338224695], [0.2694602575455348, 0.14263908084455085], [0.37496704904342404, 0.10568244000732767], [0.36206520917468044, 0.111919488111677]], "1": [[0.3940328899397906, 0.27743101008790294], [0.358443226455207, 0.37607395950673084], [0.3196147386786075, 0.5955946067878586], [0.3453665005507543, 0.43219891892143697], [0.33830256535032655, 0.48000842327899385], [0.3118104031640085, 0.6995072826136963], [0.3215617816760018, 0.5923260878780829]], "2": [[0.26821788060886614, 0.25311938925533306], [0.31525637158031894, 0.10725955116057535], [0.2540502136346511, 0.46571737240246225], [0.3391343164747208, 0.0879562398568807], [0.2816827146754889, 0.18231204742664917], [0.27897231066180794, 0.21910720585878057], [0.24634190121870142, 0.7430209505350691], [0.26821788060886614, 0.25311938925533306]], "3": [[0.1650684109747168, 0.2612311057706457], [0.13890108054953534, 0.4119666217608421], [0.18561125167531034, 0.20861772282522786], [0.24418994089902765, 0.1952136935008001], [0.13316871767685282, 0.44128647813787536], [0.13994371960438615, 0.3372170787115521], [0.14421451821577258, 0.29692300409269423], [0.16738847244643568, 0.2425648317380408]], "4": [[0.2350484592383589, 0.1188809706781447], [0.16368525110782325, 0.19283435808594857], [0.27877662159479283, 0.07288190769637612], [0.13495327113108732, 0.33365470820351856]]}, "res": {"0": [[0.4425178656286975, 0.1850354743644058], [0.25560063724910476, 0.6674452054137203], [0.3436368967228472, 0.2981445490190014], [0.29571240585163866, 0.4042609412789731], [0.25954661392346673, 0.633245925673099], [0.47079064656728653, 0.17792254954335449], [0.3965985381048854, 0.1895993503303356]], "1": [[0.15439753220781846, 0.26719211193119824], [0.15898729501309466, 0.26220929017587286], [0.1519289179103085, 0.3527703934118166], [0.15439753220781846, 0.26719211193119824], [0.15439753220781846, 0.26719211193119824], [0.1519289179103085, 0.3527703934118166], [0.15268979266304988, 0.30035271768910293], [0.14558818044123087, 0.436806374641476]], "2": [[0.19843950170323715, 0.06766915297910714], [0.1869901774009463, 0.3403342387903369], [0.19015110861914258, 0.15126430105558772]], "3": [[0.286866470150258, 0.17978564215372686], [0.324445751137708, 0.17650950247023975], [0.2653399742700778, 0.24297494940881448], [0.2673671154040112, 0.21338480779799046], [0.2812023039796673, 0.20400404388102994]], "4": [[0.15825560905796168, 0.2673700811870687], [0.1421894206286758, 0.27850736522978736], [0.1557115874485718, 0.2690430934109403], [0.16125003517415387, 0.17600953642267142], [0.16422433306559117, 0.14475329821071298], [0.17779132779261334, 0.10381519407865958]]}}}, "meta": {"num_providers": 10, "num_consumers": 10, "transition_matrix": {"Low": {"Low": 0.3333333333333333, "Medium": 0.3333333333333333, "High": 0.3333333333333333}, "Medium": {"Low": 0.020833333333333332, "Medium": 0.8541666666666666, "High": 0.125}, "High": {"Low": 0.125, "Medium": 0.75, "High": 0.125}}}}