{"series": {"nsga": {"errors": {"tp": [0.22911271955810936, 0.40222618296289775, 0.26937656785082725, 0.13733478451914832, 0.12864146429078877], "res": [0.4070670264277344, 0.2611208410387496, 0.26189677743026313, 0.32365134805557694, 0.09731988221078797]}, "costs": {"tp": [0.4871962091327333, 0.5875967485121338, 0.4087517885388313, 0.303963952765322, 0.36326831447226665], "res": [0.4662271528821967, 0.5166971679263026, 0.2673754089565422, 0.26955029031114974, 0.26968270878049205]}, "stds": {"tp": [0.07159041031645465, 0.051038030141654867, 0.036984052862274984, 0.06416157673431735, 0.019737639659277918], "res": [0.09678785859320878, 0.02004985565101677, 0.056093746928378596, 0.004603668037739273, 0.052433251679028875]}, "scs": {"tp": {"actual": [0.0, 0.0, 0.0, 0.1, 0.4], "expected": [0.0, 0.0, 0.0, 0.09791666666666667, 0.39166666666666666]}, "res": {"actual": [0.0, 0.0, 0.0, 0.3, 0.4], "expected": [0.0, 0.0, 0.0, 0.29375, 0.39166666666666666]}}}}, "indicators": {"nsga": {"tp": {"HV": [0.20849104321595874, 0.27628397094306245, 0.2722017130937412, 0.1594948060779654, 0.10541536616888086], "IGD": [0.0, 0.0, 0.0, 0.0, 0.0], "EPS": [0.0, 0.0, 0.0, 0.0, 0.0]}, "res": {"HV": [0.40984173377063476, 0.1397303249902037, 0.2736410027924069, 0.24126714203715802, 0.18591319824616537], "IGD": [0.0, 0.0, 0.0, 0.0, 0.0], "EPS": [0.0, 0.0, 0.0, 0.0, 0.0]}}}, "fronts": {"nsga": {"tp": {"0": [[0.31991355710684277, 0.3482894407431188], [0.15519884417460833, 0.6277152665942805], [0.31991355710684277, 0.3482894407431188], [0.3096615605355669, 0.470539468142208], [0.15755570176011677, 0.5200926764017106], [0.23438292002332622, 0.500336452378876], [0.23438292002332622, 0.500336452378876], [0.31991355710684277, 0.3482894407431188], [0.1575427716874599, 0.5988617929477653], [0.1575427716874599, 0.5988617929477653], [0.15755570176011677, 0.5200926764017106], [0.31991355710684277, 0.3482894407431188], [0.1575427716874599, 0.5988617929477653], [0.1575427716874599, 0.5988617929477653], [0.31991355710684277, 0.3482894407431188], [0.23438292002332622, 0.500336452378876], [0.1575427716874599, 0.5988617929477653], [0.23438292002332622, 0.500336452378876], [0.15755570176011677, 0.5200926764017106], [0.31991355710684277, 0.3482894407431188]], "1": [[0.3270325119780006, 0.6410686525238645], [0.541712103474725, 0.4899800665872453], [0.3270325119780006, 0.6410686525238645], [0.4004254561084797, 0.6079080467659153], [0.420555656906519, 0.5729771995592456], [0.420555656906519, 0.5729771995592456], [0.3270325119780006, 0.6410686525238645], [0.420555656906519, 0.5729771995592456], [0.3270325119780006, 0.6410686525238645], [0.420555656906519, 0.5729771995592456], [0.420555656906519, 0.5729771995592456], [0.420555656906519, 0.5729771995592456], [0.420555656906519, 0.5729771995592456], [0.420555656906519, 0.5729771995592456], [0.420555656906519, 0.5729771995592456], [0.420555656906519, 0.5729771995592456], [0.420555656906519, 0.5729771995592456], [0.420555656906519, 0.5729771995592456], [0.420555656906519, 0.5729771995592456], [0.3270325119780006, 0.6410686525238645]], "2": [[0.3567176222960566, 0.23692664426926383], [0.24049780162494203, 0.5176679358005855], [0.3567176222960566, 0.23692664426926383], [0.24049780162494203, 0.5176679358005855], [0.25703658943709484, 0.3626831347502949], [0.25703658943709484, 0.3626831347502949], [0.3567176222960566, 0.23692664426926383], [0.25464084510235335, 0.4862672528894498], [0.25703658943709484, 0.3626831347502949], [0.25464084510235335, 0.4862672528894498], [0.25464084510235335, 0.4862672528894498], [0.25703658943709484, 0.3626831347502949], [0.25464084510235335, 0.4862672528894498], [0.25703658943709484, 0.3626831347502949], [0.25464084510235335, 0.4862672528894498], [0.25464084510235335, 0.4862672528894498], [0.25703658943709484, 0.3626831347502949], [0.25464084510235335, 0.4862672528894498], [0.25703658943709484, 0.3626831347502949], [0.25464084510235335, 0.4862672528894498]], "3": [[0.2256115544415258, 0.29305568381559377], [0.07450103433753819, 0.3198705515263665], [0.07450103433753819, 0.3198705515263665], [0.2256115544415258, 0.29305568381559377], [0.1441984533847372, 0.29729904021837245], [0.07500929692829875, 0.3050754807209389], [0.07450103433753819, 0.3198705515263665], [0.2256115544415258, 0.29305568381559377], [0.1441984533847372, 0.29729904021837245], [0.07500929692829875, 0.3050754807209389], [0.07500929692829875, 0.3050754807209389], [0.1441984533847372, 0.29729904021837245], [0.07450103433753819, 0.3198705515263665], [0.07450103433753819, 0.3198705515263665], [0.2256115544415258, 0.29305568381559377], [0.07450103433753819, 0.3198705515263665], [0.1441984533847372, 0.29729904021837245], [0.2256115544415258, 0.29305568381559377], [0.1441984533847372, 0.29729904021837245], [0.2256115544415258, 0.29305568381559377]], "4": [[0.13541113820708447, 0.3794007340644403], [0.13541113820708447, 0.3794007340644403], [0.13541113820708447, 0.3794007340644403], [0.13541113820708447, 0.3794007340644403], [0.14274164451296664, 0.2614953643797697], [0.08069291448713219, 0.38437916660389526], [0.13541113820708447, 0.3794007340644403]]}, "res": {"0": [[0.3742020343716914, 0.36178545129183465], [0.3111858972356775, 0.8620296173133004], [0.5686781397318772, 0.279308091631817], [0.3742020343716914, 0.36178545129183465], [0.3742020343716914, 0.36178545129183465], [0.3111858972356775, 0.8620296173133004], [0.3742020343716914, 0.36178545129183465], [0.5686781397318772, 0.279308091631817]], "1": [[0.2682095354850723, 0.4790255136250342], [0.2044112854681681, 0.8180704023364509], [0.2682095354850723, 0.4790255136250342], [0.2682095354850723, 0.4790255136250342], [0.2682095354850723, 0.4790255136250342], [0.2682095354850723, 0.4790255136250342], [0.2682095354850723, 0.4790255136250342], [0.2682095354850723, 0.4790255136250342], [0.2682095354850723, 0.4790255136250342]], "2": [[0.32360088868836157, 0.15438735690268052], [0.18444228015374162, 0.5474097406356008], [0.32360088868836157, 0.15438735690268052], [0.18585274750215014, 0.40640824238268924], [0.2651067172249238, 0.20651831609490756], [0.2651067172249238, 0.20651831609490756], [0.32360088868836157, 0.15438735690268052], [0.18585274750215014, 0.40640824238268924], [0.32360088868836157, 0.15438735690268052], [0.2651067172249238, 0.20651831609490756], [0.2651067172249238, 0.20651831609490756], [0.2575152323616817, 0.21581281840830963], [0.32360088868836157, 0.15438735690268052], [0.32360088868836157, 0.15438735690268052], [0.18444228015374162, 0.5474097406356008], [0.32360088868836157, 0.15438735690268052], [0.20275139640464213, 0.29597116630051046], [0.18444228015374162, 0.5474097406356008], [0.2651067172249238, 0.20651831609490756]], "3": [[0.32874089456908784, 0.26608722546244223], [0.31948717363543155, 0.2723837070055467], [0.32874089456908784, 0.26608722546244223], [0.31948717363543155, 0.2723837070055467], [0.32874089456908784, 0.26608722546244223], [0.31948717363543155, 0.2723837070055467], [0.31948717363543155, 0.2723837070055467], [0.32874089456908784, 0.26608722546244223], [0.32874089456908784, 0.26608722546244223], [0.31948717363543155, 0.2723837070055467], [0.32874089456908784, 0.26608722546244223], [0.31948717363543155, 0.2723837070055467], [0.32874089456908784, 0.26608722546244223], [0.31948717363543155, 0.2723837070055467], [0.31948717363543155, 0.2723837070055467], [0.32874089456908784, 0.26608722546244223], [0.32874089456908784, 0.26608722546244223], [0.31948717363543155, 0.2723837070055467], [0.31948717363543155, 0.2723837070055467], [0.31948717363543155, 0.2723837070055467]], "4": [[0.06216697876836489, 0.3327653358350101], [0.05409665673244522, 0.35169529266618194], [0.1416735654441193, 0.1891002910979037], [0.06816366500261305, 0.29039388820760537], [0.07873913678707103, 0.26204387237672344], [0.1416735654441193, 0.1891002910979037], [0.2131017362175487, 0.1275847792419083], [0.06216697876836489, 0.3327653358350101], [0.05409665673244522, 0.35169529266618194]]}}}, "meta": {"num_providers": 10,