{"series": {"nsga": {"errors": {"tp": [0.2574676317348656, 0.36133570977773866, 0.2816259407104963, 0.202400870711489, 0.19718487857447325], "res": [0.3642402158566407, 0.2766725046232498, 0.2771380664581578, 0.31539379255472144, 0.17839192932647283]}, "costs": {"tp": [0.4871962091327333, 0.5875967485121338, 0.4087517885388313, 0.303963952765322, 0.36326831447226665], "res": [0.4662271528821967, 0.5166971679263026, 0.2673754089565422, 0.26818605264347706, 0.26968270878049205]}, "stds": {"tp": [0.04295424618987276, 0.030622818084992877, 0.022190431717364973, 0.03849694604059041, 0.01184258379556675], "res": [0.05807271515592522, 0.012029913390610082, 0.03365624815702714, 0.002617347529358481, 0.03145995100741732]}, "scs": {"tp": {"actual": [0.0, 0.0, 0.0, 0.1, 0.4], "expected": [0.0, 0.0, 0.0, 0.09791666666666667, 0.39166666666666666]}, "res": {"actual": [0.0, 0.0, 0.0, 0.3, 0.4], "expected": [0.0, 0.0, 0.0, 0.29375, 0.39166666666666666]}}}}, "indicators": {"nsga": {"tp": {"HV": [0.20329989304040094, 0.22697277457536805, 0.254889830543933, 0.18053020158890798, 0.15186977597575615], "IGD": [0.0, 0.0, 0.0, 0.0, 0.0], "EPS": [0.0, 0.0, 0.0, 0.0, 0.0]}, "res": {"HV": [0.33238806926656284, 0.14635513335911815, 0.2656581188471224, 0.23282981816680173, 0.21623774543867025], "IGD": [0.0, 0.0, 0.0, 0.0, 0.0], "EPS": [0.0, 0.0, 0.0, 0.0, 0.0]}}}, "fronts": {"nsga": {"tp": {"0": [[0.3119481342641056, 0.3482894407431188], [0.21311930650476504, 0.6277152665942805], [0.3119481342641056, 0.3482894407431188], [0.30579693632134014, 0.470539468142208], [0.2145334210560701, 0.5200926764017106], [0.26062975201399574, 0.500336452378876], [0.26062975201399574, 0.500336452378876], [0.3119481342641056, 0.3482894407431188], [0.21452566301247594, 0.5988617929477653], [0.21452566301247594, 0.5988617929477653], [0.2145334210560701, 0.5200926764017106], [0.3119481342641056, 0.3482894407431188], [0.21452566301247594, 0.5988617929477653], [0.21452566301247594, 0.5988617929477653], [0.3119481342641056, 0.3482894407431188], [0.26062975201399574, 0.500336452378876], [0.21452566301247594, 0.5988617929477653], [0.26062975201399574, 0.500336452378876], [0.2145334210560701, 0.5200926764017106], [0.3119481342641056, 0.3482894407431188]], "1": [[0.3162195071868004, 0.6410686525238645], [0.44502726208483495, 0.4899800665872453], [0.3162195071868004, 0.6410686525238645], [0.36025527366508786, 0.6079080467659153], [0.37233339414391137, 0.5729771995592456], [0.37233339414391137, 0.5729771995592456], [0.3162195071868004, 0.6410686525238645], [0.37233339414391137, 0.5729771995592456], [0.3162195071868004, 0.6410686525238645], [0.37233339414391137, 0.5729771995592456], [0.37233339414391137, 0.5729771995592456], [0.37233339414391137, 0.5729771995592456], [0.37233339414391137, 0.5729771995592456], [0.37233339414391137, 0.5729771995592456], [0.37233339414391137, 0.5729771995592456], [0.37233339414391137, 0.5729771995592456], [0.37233339414391137, 0.5729771995592456], [0.37233339414391137, 0.5729771995592456], [0.37233339414391137, 0.5729771995592456], [0.3162195071868004, 0.6410686525238645]], "2": [[0.3340305733776339, 0.23692664426926383], [0.2642986809749652, 0.5176679358005855], [0.3340305733776339, 0.23692664426926383], [0.2642986809749652, 0.5176679358005855], [0.27422195366225693, 0.3626831347502949], [0.27422195366225693, 0.3626831347502949], [0.3340305733776339, 0.23692664426926383], [0.272784507061412, 0.4862672528894498], [0.27422195366225693, 0.3626831347502949], [0.272784507061412, 0.4862672528894498], [0.272784507061412, 0.4862672528894498], [0.27422195366225693, 0.3626831347502949], [0.272784507061412, 0.4862672528894498], [0.27422195366225693, 0.3626831347502949], [0.272784507061412, 0.4862672528894498], [0.272784507061412, 0.4862672528894498], [0.27422195366225693, 0.3626831347502949], [0.272784507061412, 0.4862672528894498], [0.27422195366225693, 0.3626831347502949], [0.272784507061412, 0.4862672528894498]], "3": [[0.2553669326649155, 0.29305568381559377], [0.16470062060252294, 0.3198705515263665], [0.16470062060252294, 0.3198705515263665], [0.2553669326649155, 0.29305568381559377], [0.20651907203084235, 0.29729904021837245], [0.16500557815697928, 0.3050754807209389], [0.16470062060252294, 0.3198705515263665], [0.2553669326649155, 0.29305568381559377], [0.20651907203084235, 0.29729904021837245], [0.16500557815697928, 0.3050754807209389], [0.16500557815697928, 0.3050754807209389], [0.20651907203084235, 0.29729904021837245], [0.16470062060252294, 0.3198705515263665], [0.16470062060252294, 0.3198705515263665], [0.2553669326649155, 0.29305568381559377], [0.16470062060252294, 0.3198705515263665], [0.20651907203084235, 0.29729904021837245], [0.2553669326649155, 0.29305568381559377], [0.20651907203084235, 0.29729904021837245], [0.2553669326649155, 0.29305568381559377]], "4": [[0.20124668292425069, 0.3794007340644403], [0.20124668292425069, 0.3794007340644403], [0.20124668292425069, 0.3794007340644403], [0.20124668292425069, 0.3794007340644403], [0.20564498670778, 0.2614953643797697], [0.16841574869227932, 0.38437916660389526], [0.20124668292425069, 0.3794007340644403]]}, "res": {"0": [[0.3445212206230149, 0.36178545129183465], [0.30671153834140663, 0.8620296173133004], [0.4612068838391263, 0.279308091631817], [0.3445212206230149, 0.36178545129183465], [0.3445212206230149, 0.36178545129183465], [0.30671153834140663, 0.8620296173133004], [0.3445212206230149, 0.36178545129183465], [0.4612068838391263, 0.279308091631817]], "1": [[0.28092572129104343, 0.4790255136250342], [0.24264677128090084, 0.8180704023364509], [0.28092572129104343, 0.4790255136250342], [0.28092572129104343, 0.4790255136250342], [0.28092572129104343, 0.4790255136250342], [0.28092572129104343, 0.4790255136250342], [0.28092572129104343, 0.4790255136250342], [0.28092572129104343, 0.4790255136250342], [0.28092572129104343, 0.4790255136250342]], "2": [[0.3141605332130169, 0.15438735690268052], [0.23066536809224497, 0.5474097406356008], [0.3141605332130169, 0.15438735690268052], [0.2315116485012901, 0.40640824238268924], [0.27906403033495425, 0.20651831609490756], [0.27906403033495425, 0.20651831609490756], [0.3141605332130169, 0.15438735690268052], [0.2315116485012901, 0.40640824238268924], [0.3141605332130169, 0.15438735690268052], [0.27906403033495425, 0.20651831609490756], [0.27906403033495425, 0.20651831609490756], [0.27450913941700905, 0.21581281840830963], [0.3141605332130169, 0.15438735690268052], [0.3141605332130169, 0.15438735690268052], [0.23066536809224497, 0.5474097406356008], [0.3141605332130169, 0.15438735690268052], [0.2416508378427853, 0.29597116630051046], [0.23066536809224497, 0.5474097406356008], [0.27906403033495425, 0.20651831609490756]], "3": [[0.3172445367414527, 0.26608722546244223], [0.3172445367414527, 0.26608722546244223], [0.311692304181259, 0.2723837070055467]], "4": [[0.15730018726101896, 0.3327653358350101], [0.15245799403946717, 0.35169529266618194], [0.2050041392664716, 0.1891002910979037], [0.16089819900156788, 0.29039388820760537], [0.16724348207224266, 0.26204387237672344], [0.2050041392664716, 0.1891002910979037], [0.24786104173052922, 0.1275847792419083], [0.15730018726101896, 0.3327653358350101], [0.15245799403946717, 0.35169529266618194]]}}}, "meta": {"num_providers": 10, "num_consumers": 10, "transition_matrix": {"Low": {"Low": 0.3333333333333333, "Medium": 0.3333333333333333, "High": 0.3333333333333333}, "Medium": {"Low": 0.020833333333333332, "Medium": 0.8541666666666666, "High": 0.125}, "High": {"Low": 0.125, "Medium": 0.75, "High": 0.125}}}}